"user_id","agrees","disagrees","passes","total_votes","statement_text","group_A_agrees","group_A_disagrees","group_A_passes","group_B_agrees","group_B_disagrees","group_B_passes","group_C_agrees","group_C_disagrees","group_C_passes","moderation_status","is_seed"
"","196","318","115","629","I would welcome new development in my area if it meant it helped to reduce flooding.
","57","8","13","12","204","24","127","106","77","","true"
"","157","335","81","573","I would welcome new development in my area if it meant new or improved local sports facilities.
","42","16","17","9","192","13","105","125","50","","true"
"","225","361","92","678","I would be happy to see more development in my area if it meant we had access to more places where local people could socialise and hold events.
","46","11","17","7","225","17","170","120","56","","true"
"","414","321","98","833","I would support new development in our area if it meant more funding or improvements to local health services and schools.
","69","5","8","23","249","26","319","63","63","","true"
"","281","113","82","476","It is important that new homes in the future are located near village centres, helping to keep homes near community facilities and protect the surrounding countryside.
","25","17","17","93","54","33","158","42","31","","true"
"","88","204","73","365","It would be best if new homes were not concentrated near village centres, but located in the surrounding countryside to provide more rural homes.","11","26","19","30","91","22","47","87","32","","true"
"","89","170","84","343","New homes should be focused in a fewer, larger developments, rather than more smaller developments.
","10","27","17","36","66","29","43","77","37","","true"
"","321","238","76","635","Having more green energy sources, such as wind and solar farms, is really important for the future – even if it means changing the landscape.
","57","8","9","65","156","25","198","73","42","","true"
"","373","69","64","506","New development should be shared across many villages, so growth feels fair.

","59","4","9","110","49","32","204","16","23","","true"
"","428","49","48","525","New housing should be affordable giving young people from the district the chance to get on the housing ladder, rather than having to find homes outside of South Staffordshire.
","53","5","6","137","37","26","235","7","16","","true"
"","370","46","58","474","New housing should be built in such a way that modifications can be made to enhance the quality of life for people as they age, or for those with additional needs or disabilities.
","49","5","8","129","25","30","189","15","20","","true"
"","318","91","82","491","By 2045, there should be more bungalows, retirement accommodation, and care homes in the district.
","36","9","18","102","49","30","177","33","33","","true"
"","381","119","77","577","New homes should be built within walking distance of schools, shops, and bus stops.
","44","12","10","109","74","40","225","33","27","","true"
"","203","374","91","668","I would welcome new housing in my area if it improved public transport.
","52","11","13","7","221","16","143","142","62","","true"
"","404","97","72","573","I would welcome the creation of more local small business premises.
","55","4","11","110","77","23","235","16","38","","true"
"","256","363","91","710","I would welcome new large business sites in my local area if it meant creation of jobs and more investment into the district.
","51","17","7","22","215","25","181","130","59","","true"
"","257","146","105","508","Attracting a range of new businesses to the district should be a priority.
","37","10","16","66","95","31","154","41","57","","true"
"","420","96","73","589","Spaces and activities for children and teenagers should be a priority when creating new housing.
","50","10","15","119","64","30","246","22","27","","true"
"","354","119","59","532","A high priority should be ensuring South Staffordshire is an attractive place to visit for tourists.
","37","21","11","126","53","14","186","44","33","","true"
"","384","10","23","417","Local village centres should have a good mix of independent shops and services.
","53","2","4","143","6","8","185","2","11","","true"
"","352","405","77","834","I would welcome new housing in my areas if it meant improvements to road infrastructure to accommodate it.
","74","5","8","11","269","14","266","125","52","","true"
"","392","20","25","437","A key priority is making sure everyone in the community has access to nature and green spaces.
","55","4","4","149","7","7","185","9","14","","true"
"","307","126","89","522","I would rather see more green spaces and trees on business and housing development sites, even if it means sites need to be bigger or more areas need to be found for development.
","48","11","7","86","68","40","170","47","42","","true"
"","419","46","21","486","I believe that new housing developments should be built on brownfield sites first. Green belt sites should be Avery last resort, and only with the consent of local people after full consultation with them.","23","30","12","182","5","4","214","11","5","","false"
"","303","79","85","467","I believe a development of more than 50 homes should contribute towards providing a bus route to within 400m of the new site.","34","15","19","102","40","32","165","24","34","","false"
"","407","50","47","504","Stop the re designation of Greenbelt becoming grey belt.","16","33","22","183","3","5","208","14","20","","false"
"","419","44","27","490","I feel that no new builds should be built till there is a thorough investigation of the land that’s it being built on and what strain is put on the existing facility’s","18","35","12","187","1","2","211","8","12","","false"
"","433","63","45","541","I would welcome all new houses be built on brown belt land as there is loads of it ! and then you can stop DESTROYING OUR LOVERLY GREEN BELT","12","44","15","189","8","6","231","11","23","","false"
"","408","60","44","512","I think all new homes should be BUILT ON Brown Belt land, also no NEW homes should be built if your local Infrastructure like Doctors and Roads are FAILING.","21","39","15","172","7","8","210","14","21","","false"
"","254","61","31","346","NO Planner should be allowed to Sign Plans off without Speaking Directly to at least 200 homeowners that the build would effect.","5","40","7","127","4","12","122","17","12","","false"
"","451","85","59","595","NO NEW BUILDS WHERE GREENBELT IS ROBBED, ERODED AWAY","9","54","17","216","2","9","224","29","33","","false"
"","357","202","93","652","i agree with development if social housing is part of the process and developers cant water down once permission is granted and must be water tight","55","10","11","61","143","32","240","48","50","","false"
"","274","240","82","596","It is important to develop brown field sites early before the need to use green field sites. However given the need for 12000 houses into the future it is inevitable that some green field sites will be required","59","2","10","49","145","24","163","91","45","","false"
"","206","151","77","434","New bike paths and bridleways need to be developed and existing footpaths turned into bridleways where possible.","24","26","17","67","66","27","114","59","33","","false"
"","342","9","26","377","The views and feedback from a community nearby any development should be seen to be taken into account.","43","5","12","132","1","4","163","2","10","","false"
"","339","72","58","469","More bungalows for older people would release their homes onto the market and allow movement in the housing stock","41","13","11","108","40","26","186","19","21","","false"
"","77","305","42","424","Most of our homes were built on green land so I have no objection to it being used to relieve the housing shortage","46","9","9","2","162","3","28","130","29","","false"
"","389","128","71","588","There should be at least 30% social housing, some bungalows with disabled access (all one level), and priority for these should be for people who have lived in area for longest.","39","20","13","105","79","29","235","29","28","","false"
"","304","51","60","415","New development should prevent settlements merging to retain their character.","22","26","15","124","7","17","157","18","28","","false"
"","291","142","72","505","New developments should be focused on creating new villages with their own infrastructure.","26","27","17","98","63","25","163","52","30","","false"
"","365","50","47","462","New developments should be climate-proof to meet the needs of future residents.","52","4","7","116","37","25","197","9","15","","false"
"","383","28","33","444","New development must positively restore nature within the plan area,  above legal minimum requirements.","42","18","10","147","5","15","193","5","8","","false"
"","378","29","35","442","New major developments must significantly improve the green infrastructure of the area to above national minimum standards (ie access to multi functional green recreational spaces, better nature areas, public health benefits (eg green walking routes), flood and climate-proofing).","47","13","9","141","12","17","190","4","8","","false"
"","362","53","49","464","New major developments must provide sustainable and significant tree cover over roads and carparks to improve the visual appeal and environmental quality of the area.","33","20","13","131","19","22","196","14","12","","false"
"","304","17","29","350","It is important when building new family homes that catchments to schools and footpaths to walk to school are considered. Many schools are already full and this causes too many to drive to school.","46","6","9","106","9","16","152","2","4","","false"
"","298","85","66","449","Solar farms should not be installed on good agricultural land","19","33","18","138","13","14","140","37","33","","false"
"","321","32","30","383","Solar panels should be installed on community owned buildings","52","3","11","107","18","11","161","11","8","","false"
"","337","7","19","363","The village /town infrastructure capability should always be taken into consideration when increasing the population.","49","4","8","125","3","6","161","0","5","","false"
"","338","39","34","411","New business is required but not at the expense of green belt land. Businesses should be kept in areas to keep residential properties pleasant to view and live in.","27","26","13","152","3","5","158","10","16","","false"
"","276","67","58","401","Give Consideration of where village centres can be pedestrianised to enable seating and community get togethers. Making it easier for all ages to engage with others.","40","11","10","83","39","30","153","17","18","","false"
"","295","48","37","380","Unless children live more than 1 mile from their school, they should be healthy, getting exercise and walk to school.","36","15","12","120","19","16","137","14","9","","false"
"","324","36","40","400","New developments must be accompanied by parking facilities for local shopping and using public transport.","51","6","10","102","22","21","169","8","9","","false"
"","214","36","92","342","Residents and their areas should be priority with business following.","22","14","24","81","15","30","111","7","38","","false"
"","319","50","54","423","Development should attract artisan shop keepers, and small new businesses.","36","9","20","111","28","18","171","13","16","","false"
"","298","18","30","346","Finance is need to improve schools, health care, leisure centre, roads, for the current number of houses","46","4","13","100","12","11","151","2","5","","false"
"","220","141","76","437","The new homes should be one and two bedrooms, well built, energy saving and affordable.","23","20","21","74","61","27","123","59","28","","false"
"","294","13","38","345","It should also cater for the environment of wild life.","41","6","12","124","6","11","129","1","15","","false"
"","314","117","58","489","Car parking areas of the future should provide an open covering to provide shade in the increasing heatwaves, these covered car parks should also be topped with solar panels for electricity local use.","40","19","12","93","62","25","181","36","21","","false"
"","265","34","26","325","More frequent and reliable public transport is required in villages whether or not we build more houses.","42","9","9","91","15","13","132","10","4","","false"
"","225","14","29","268","Small play areas for young children could be included. Government should allow youth clubs for teenagers not close them as they have in the past.","38","4","7","75","9","16","112","1","6","","false"
"","344","92","27","463","Local residents should have the final say regarding new developments.","6","52","9","165","5","4","172","35","13","","false"
"","302","112","39","453","It should not be an option to change ANY green belt land. It should remain greenbelt. If there are not enough houses then close our borders.","4","46","7","150","4","12","147","61","19","","false"
"","51","154","47","252","At least 50% social housing","7","32","12","6","71","15","36","51","20","","false"
"","223","59","51","333","I agree with the idea of new villages, because there is a danger that we could end up in one large urban sprawl which would eventually merge into nearby cities and towns.  These villages should retain their own identity.","31","17","12","70","26","16","119","15","23","","false"
"","283","30","21","334","there has to be a ceiling as how many houses that can be built 
South Staffordshire it is a rural county and we need the countryside","19","26","13","119","0","1","144","4","7","","false"
"","263","27","24","314","Councillors should meet with residents at every stage of a development.","27","18","11","110","1","4","126","8","9","","false"
"","50","128","36","214","there should be AT LEAST 50% of houses for under privileged for a 
housing association to make full use of","8","27","12","8","60","14","33","41","10","","false"
"","102","84","51","237","Finance is needed to improve the roads and health care, not schools and leisure centre","10","23","15","34","31","15","58","30","21","","false"
"","140","147","34","321","No more new houses.","0","46","2","92","17","15","48","84","17","","false"
"","72","56","64","192","Encouraging new business into a village environment will fracture the very fabiric of village life. The roads through these villages are very narrow so is the council thinking of widening the current system, no I think not, therefore I disagree.","6","23","16","34","11","22","31","22","25","","false"
"","88","49","75","212","Solar is only a short term fix. Once the solar panels reach the end of their usable life they cannot currently be recycled. Invest in FUSION or Hydrogen clean fuels and no waste.","8","20","22","42","11","26","38","18","27","","false"
"","241","47","46","334","Efficient and reliable public transport must be provided from when the first residents move into any new development even if that means a service having to be heavily subsidised. It is of no use waiting until the majority of houses are occupied as by then people's travel habits using private cars will have become established and it is very difficult to get them to change. Failure to do this results in even more traffic than at present.","40","10","8","74","22","24","125","15","14","","false"
"","130","116","61","307","We cannot avoid housing development as the population grows but ""not in my back yard"" (nimby) has to be avoided.","44","5","8","21","71","21","65","40","32","","false"
"","202","53","45","300","New developments should prioritise getting people in housing with a garden and access for cars","29","13","11","67","22","21","105","18","12","","false"
"","219","89","60","368","Housing should be affordable but it should not be critical to be a home owner. New council housing to help families get started would be best.","36","12","13","43","61","30","140","16","17","","false"
"","69","56","43","168","Covered car parks are a continental warm climate idea. They will not work in the UK as they will be vandalised, kids jumping on the roofs, graffiti, and moss and grass growing, because Staffordshire council do not carry out manitainance.","10","20","10","35","15","16","24","21","17","","false"
"","44","10","54","108","Current bus services by Select are unreliable and have been so for many years.","8","3","21","16","5","23","20","2","10","","false"
"","306","90","45","441","If you build there is less space for everyone including wildlife and we reduce our ability to be self sufficient in food.","1","49","13","152","2","9","151","39","23","","false"
"","126","88","70","284","No new developments - then no need for additional parking, besides where are you going to put a new car park in a village?","0","40","11","71","8","22","55","40","36","","false"
"","99","141","54","294","No need for climate proofing and we don't want new developments.","1","44","6","75","26","23","22","71","24","","false"
"","241","10","12","263","New housing should be accompanied by expansion in school places, medical services, public transport and road infrastructure","45","3","3","89","5","8","107","2","1","","false"
"","208","49","68","325","As we have a lot of canal in the area, canal boats should be recognised as homes so access to services is more available to boat dwellers","27","13","16","70","23","26","110","13","26","","false"
"","285","37","27","349","I do not agree with more houses until existing infrastructure is IMPROVED and roads fixed properly","19","28","11","118","1","8","148","7","7","","false"
"","221","16","31","268","Public footpaths and canal tow paths should have measures to prevent or discourage anti-social, fast cycling on push bikes and particularly motorised bikes, while not hindering responsible cyclists, mobility vehicles and pushchairs","33","6","12","79","8","12","109","2","7","","false"
"","272","29","35","336","New housing developments over a minimum size should include safe spaces and equipment for children to play","47","3","8","77","20","21","147","6","6","","false"
"","249","19","34","302","Improve existing areas first please","23","14","19","100","3","8","122","2","7","","false"
"","274","43","33","350","No new housing until existing infrastructure has been improved to the level that more than needed by existing housing , to allow for growth of the area","18","20","14","115","11","10","139","12","9","","false"
"","232","48","50","330","Affordable electric vehicle charging points should be provided close to flats and housing that does not have space to have their own charging points. Prices should be in line with what people pay for electric vehicle charging on their own property, otherwise people living in flats are being disadvantaged.","41","6","13","62","29","25","128","12","11","","false"
"","249","1","11","261","When a company is permitted to dig up a road, they should be required to relay the road surface to a high quality. If it disintegrates within a certain minimum time, they should be required to relay the surface again for free and/or be fined the cost of closing the road and relaying.","40","1","7","99","0","2","110","0","2","","false"
"","168","20","36","224","Public libraries should be run by the council","27","5","12","64","8","13","76","7","11","","false"
"","84","31","52","167","There should be an environmentally friendly funeral process available in the area","15","9","18","27","17","21","42","5","13","","false"
"","69","52","39","160","There should be redistribution of wealth such that there is no need for food banks and no child goes hungry","20","11","8","17","24","18","32","17","13","","false"
"","226","95","55","376","The unnecessary construction of these new developments creates the public transport issue","7","44","7","103","16","20","115","35","28","","false"
"","156","30","53","239","Greater consideration should be given to allowing disabled people to build a home that meets their specific needs, particularly where the land has been in their family’s ownership for generations.","27","5","18","56","16","17","73","9","18","","false"
"","233","9","13","255","New developments should only be allowed with a suitable infrastructure including schools, shops, public transport, and suitable off road parking","43","6","3","77","3","6","112","0","4","","false"
"","173","97","47","317","At least 25% of new build accommodation should be available for social housing. This would deter people moving out of South Staffordshire solely to seek affordable housing.","30","13","10","29","62","21","113","22","16","","false"
"","200","13","29","242","Has anyone thought about smaller buses.  The ones we have at the moment seem to be the same as the ones used in large towns. It must be expensive to run and maintain these.  They are not always full and run infrequently.  There needs to be regular buses to villages that people can rely on and therefor less reliant on cars","36","2","12","64","4","11","100","6","6","","false"
"","48","97","34","179","Children will not play in these green spaces unless with parents as it is unsafe to do so. So building with green spaces is a waste of time and money, therefore do not build to start with.","6","31","7","24","26","13","18","40","14","","false"
"","68","91","56","215","Highly unlikely in South Staffs people living in flats could afford an EV. This is not London, so the question is not realistic. There is enough EV charging points at filling stations, pubs, and supermarkets.","5","26","16","32","19","18","30","46","22","","false"
"","289","57","40","386","The planning process should allow for easier ways to protest against applications. Currently this is difficult because authorities need to fulfill government quotas","12","35","10","132","5","8","143","17","22","","false"
"","24","25","39","88","Canal boat owners could be classed as displaced people as they can move on at a minuites notice, so the council has made all these provisions and wasted tax payers money again.","6","9","13","7","8","16","11","8","10","","false"
"","197","14","33","244","Our roads are blighted with pot holes. The introduction of bus routes on unsuitable residential streets with less than 50mm substrate has decimated local roads and devalued properties. If your going to have a bus route ensure the street is properly surfaced first.","32","5","13","75","4","12","89","5","8","","false"
"","199","12","21","232","We need to ensure there is adequate provision for our aging population, This can be a mix of purpose built small communities and homes within new builds. This will allow those who want to remain local to do so and those that want to join a like community to do that.","39","3","5","68","6","10","91","3","6","","false"
"","186","24","27","237","We need to ensure there is plenty of smaller and cheaper accommodation mixed into new builds to allow younger people to get a foothold on the housing ladder.","39","2","5","58","18","15","88","4","6","","false"
"","179","4","22","205","New build areas should include proper provision for walking, cycling, motoring and public transport.","40","1","2","68","2","14","71","1","6","","false"
"","120","18","39","177","New properties should include provision for adequate parking of vehicles. Those for single people should have one parking space, small starter homes should have 50% of them having 2 spaces with family homes having 2 spaces and again some having 3 spaces and larger family homes at least 3 spaces.
This will allow enough space for current vehicle use.","27","5","11","41","6","19","52","7","9","","false"
"","141","45","37","223","New properties of all sizes should have electric car charging points accessible with their parking spaces.","33","6","9","41","23","20","67","16","8","","false"
"","155","20","45","220","New estates should have all mains services easily accessible to the companies. This may mean running them through, say underground tunnels, with regular access points.
This would cost more initially, but reduce future maintenance costs, and allow additions to be made to areas without the constant digging up of roads and pavements.","24","12","12","58","5","19","72","3","14","","false"
"","167","18","27","212","The council should prioritise brownfield sites, followed by bringing unlived in properties back into use and then green belt land for development.","29","6","6","61","8","13","77","4","8","","false"
"","104","58","38","200","Cycleways should be promoted separately from bridlepaths","18","15","9","36","24","18","50","19","10","","false"
"","90","75","34","199","Bridleways should be separate as horses make footpaths inaccessible in muddy conditions","16","18","8","37","24","17","37","33","9","","false"
"","163","8","23","194","Elderly people homes should be well designed for health eventualities. Shower rooms open plan living to enable easy movement of wheelchair or walkers and easy access with support handles already in place.","36","1","5","53","5","12","73","2","6","","false"
"","220","76","34","330","New developments should be around large towns - leave our villages as villages  as they provide character to the county","3","45","8","118","5","6","98","26","20","","false"
"","235","45","29","309","South Staffs has become a motorway corridor and needs to preserve existing villages to retain some character in the county. All new housing should be on brownfield land in and around the cities and towns.","8","29","14","109","1","1","117","15","14","","false"
"","278","86","32","396","New developments should only be allowed with local residents agreement. This should be enhanced in law.","3","44","6","140","3","7","132","39","19","","false"
"","228","25","13","266","Green belt should absolutely be the last resort, far too often derelict unused land is left under utilised","18","21","7","105","2","3","105","2","3","","false"
"","198","68","47","313","South Staffordshire contains alot of rural villages. Residents should be able to set the maximum for any residential development size of number of houses as well the overall capacity the village can take over the plan period. Example Trysull max 5 houses per development and total of 15 houses in plan period.","5","37","9","103","6","16","89","25","21","","false"
"","116","18","40","174","Climate proof should not mean off setting, buying carbon credits. It should mean actually, physically reducing carbon as well as other waste products and having capture as well as responsible disposal, or captured storage.","26","6","6","41","7","21","48","5","13","","false"
"","43","72","27","142","New developments should prioritise getting people in housing with a garden however not all properties require access for cars, as not everyone owns a private vehicle.","8","20","5","12","29","14","22","23","8","","false"
"","142","41","34","217","The local community who have lived here all their lives must be prioritised for housing, jobs, schools and healthcare.","17","15","5","61","9","15","64","17","14","","false"
"","173","14","26","213","We do not need more out of village businesses such as burger shops and barbers that do not support employment of the local community.","17","6","11","85","3","8","71","5","7","","false"
"","171","26","31","228","A broad range of residential accommodation is required to accommodate the needs of the district, both young and old.","40","1","3","48","22","22","83","3","6","","false"
"","161","24","27","212","Growth should be proportionally spread","29","9","6","58","10","14","74","4","7","","false"
"","155","16","31","202","Walking is mentioned - we need more pavements/space along roads to walk safely, this is impossible along the A449 in many places.","23","4","11","63","9","10","69","3","10","","false"
"","133","11","33","177","There will always be vehicles - whether personal or communal so there should be sufficient space for them to be parked to individual premises and for shops and also the roads need to be wide enough for them to pass safely and not possibly collide with each other, as happens around and in Kinver. More traffic means more road surface erosion and more maintenance costs - that should be thought about too..","27","3","12","46","5","16","58","3","5","","false"
"","156","10","27","193","'Planning policies and decisions should protect and enhance public rights of way and access' (NPPF, para 105), so conditions should be made on developments to connect existing off-road paths to protect and improve safe access for all vulnerable road users (walkers, wheelers, horses and riders/handlers).","29","3","7","59","5","15","68","2","5","","false"
"","135","17","38","190","Infrastructure and transport plans must include road crossings (underpass, overbridge or at level) where new or existing off-road access is impacted for all vulnerable road users (walkers, wheelers, horses and riders/handlers).","23","5","12","54","10","19","57","2","7","","false"
"","172","11","16","199","New developments should not be built on flood zones. Planning permission should ONLY BE GIVEN with this enhanced in law. Councils should be forced to follow this to the letter.","32","6","5","68","3","7","72","2","4","","false"
"","131","14","34","179","The play parks need to be updated to allow children with disabilities to access them","24","2","9","42","8","16","65","4","9","","false"
"","124","34","35","193","Funding to be given to the community centres to offer activities for vulnerable children and those with SEND","31","6","6","33","23","14","60","5","15","","false"
"","167","23","24","214","There is a need for more housing but it should be Eco Friendly and there should be areas of green where wildlife can exist","30","6","5","59","12","12","78","5","7","","false"
"","188","27","40","255","Grey belt should not be classified on farmland that is providing food.","16","18","12","86","3","11","85","6","16","","false"
"","167","38","26","231","Existing infrastructure and facilities should be able to accommodate any new developments","23","10","9","56","14","12","88","14","5","","false"
"","18","51","35","104","Individual homes are space consuming and expensive to build per m2. Build homes with 5 -10 apartments","3","18","10","4","22","11","11","11","14","","false"
"","205","9","11","225","More housing means more people, more need for school, more need for GP’s, better infrastructure in terms of water / energy supply etc","36","2","4","79","2","5","90","5","2","","false"
"","44","56","36","136","Attracting tourists brings more problems. More cars, more parking requirements, more people etc.","3","16","14","24","19","11","16","21","11","","false"
"","161","16","30","207","Currently the infrastructure around south staffs is not designed to deal with more people, cars etc. Roads look like in East Ukraine, traffic jams in a village?! Insufficient schools and other facilities","19","11","11","67","1","11","75","4","8","","false"
"","175","17","28","220","Encourage to develop the area so people, families, children can walk or cycle safely around.","36","3","4","54","14","16","85","0","7","","false"
"","88","55","38","181","Become environmentally independent from fossil fuel.","23","7","8","18","32","21","47","16","9","","false"
"","121","23","41","185","Tackle noise pollution (from cars and very noisy bikes)","23","7","10","43","10","21","55","6","10","","false"
"","112","15","27","154","Better train network to nearby cities","25","4","8","47","6","9","40","5","10","","false"
"","73","66","46","185","The current designation of Green Belt land needs to be re‑examined in the context of the housing crisis, particularly where large areas labelled as ‘Green Belt’ are in fact agricultural fields or long‑established garden extensions to homes that have stood for decades. Much of this land—especially the tracts wedged between the M6 and the A449—does not reflect the true purpose of Green Belt policy.","26","2","10","15","40","20","32","24","16","","false"
"","58","90","37","185","Reassessing Green Belt areas could help families keep disabled relatives close by, in homes designed to meet their specific needs.","26","3","11","9","51","12","22","35","14","","false"
"","159","24","28","211","Solar infrastructure on public building should be mandatory and discounted for domestic use.","30","3","6","55","12","14","74","9","8","","false"
"","101","53","32","186","Solar farms should be explored in combination with agrivoltaics to provide additional income for farmers as well as balancing the energy grid.","24","6","5","30","29","18","47","18","9","","false"
"","134","24","33","191","Affordable and spacious bungalows. All too often living space is compromised to allow for more homes on the property/estates etc","23","5","9","53","10","15","58","9","9","","false"
"","136","58","47","241","I would not welcome any form of large business as it brings ugly clad buildings. Just look at the mess of the buildings at the Midland rail interchange, Staffordshire changed the landscape from pleasant to ugly.","6","26","9","65","3","18","65","29","19","","false"
"","226","16","11","253","South Staffordshire’s rural character is exactly what makes it desirable, and it must be protected.","26","12","7","101","0","1","98","4","3","","false"
"","213","32","34","279","The A41 and our village roads are already over capacity and in poor condition, so further large-scale development here is not sustainable. Any future growth should be limited to small, sensitive developments on brownfield land only, not expansion into the countryside that cannot support more traffic","12","22","12","97","2","10","104","8","12","","false"
"","42","49","32","123","If South Staffs was a tourist area then there would be B&Bs, self catering accommodation and hotels lining the streets. Somerset has a good balance. Currently nobody wants to come to South Staffordshireas it has nothing to offer.","7","15","12","15","21","9","20","13","11","","false"
"","24","67","24","115","Widen roads using existing foot paths to improve road safety","5","19","9","6","27","10","13","21","5","","false"
"","201","5","17","223","New development should blend in to the surrounding environment.","37","1","4","77","3","6","87","1","6","","false"
"","142","45","33","220","Building 4 bed homes is not the priority we should be building starter homes 2 or 3 bed modern versions of terrace homes.  These would give greater number of new homes to land available.  Avoiding building on more land than necessary","19","11","9","46","28","13","77","6","11","","false"
"","191","3","11","205","The state of the roads needs to be addressed. The pot holes everywhere are awful. Cars are getting damaged and they are causing accidents. Priority needs to be on fixing the roads to make them safe again","34","2","3","74","1","5","83","0","3","","false"
"","149","25","27","201","Empty houses in villages, both private and council owned should have pressures put on to be occupied at all times.","28","7","4","52","9","10","69","9","13","","false"
"","111","25","48","184","The Village centre needs to be considered FIRST when looking at increasing the size of a village - the village is lost now for Kinver due to too much inconsiderate house building and not enough thought on existing residents","3","20","13","51","0","16","57","5","18","","false"
"","86","30","33","149","What we need is a good local parking site to encourage people to use the High Street as a long walk puts people off","21","4","10","26","18","13","39","8","10","","false"
"","54","8","52","114","What we need is better health facilities locally without having to travel to Kingswinford.","9","4","19","20","2","17","25","2","16","","false"
"","91","73","41","205","If there is an increase in people moving to South Staffordshire, crime rates will surely rise","3","35","4","52","11","15","36","27","22","","false"
"","160","5","26","191","Improve parks and outdoor recreational spaces.","29","2","6","55","1","12","75","2","7","","false"
"","142","7","26","175","Improve the countryside walks and the bridle paths.","22","4","11","58","1","4","62","2","11","","false"
"","50","40","25","115","Don’t make footpaths into bridleways as they would be dangerous for walkers","12","15","8","15","10","10","23","14","7","","false"
"","98","15","34","147","Stronger local leadership would be better for small communities","12","5","17","42","6","12","44","4","5","","false"
"","30","19","42","91","If local government wishes to oppose privately or professionally, to local developments, they should propose equivalent acreage with equivalent access and facilities. If they cannot, they need to shut up.","5","10","14","9","5","18","16","4","10","","false"
"","168","5","13","186","Councils need to understand village identity.","29","2","10","64","0","1","75","3","2","","false"
"","49","28","30","107","Mobility products that can assist in people’s homes should be considered before building new bungalows as bungalows historically take up a larger footprint.","11","9","11","16","8","13","22","11","6","","false"
"","127","29","30","186","People shouldn’t be forced out of their current homes for which they may have had many memories of raising children","16","10","10","52","11","13","59","8","7","","false"
"","188","7","13","208","Parks and open spaces should be made safe for children to enjoy.","35","0","4","67","4","7","85","3","2","","false"
"","84","18","37","139","There should be more incentives to start a small business. At the moment they go bust in under 12 months and leave buildings derelict, which is an eye sore.","16","6","11","32","7","14","36","5","12","","false"
"","121","1","37","159","Care homes should be more like they are in France: unbelievably good with respect and care.","22","0","10","51","1","17","48","0","10","","false"
"","50","24","39","113","New home owners should do their own decoration. Frills like full carpets, light fittings and being  painted and decorated should not be expected if someone wants an affordable home.","11","7","14","16","4","19","23","13","6","","false"
"","92","24","36","152","The streets should be safe for children. Currently they are unsafe from passing traffic and undesirables wondering about. In these times I would not let my child walk to school, especially in winter in the dark.","12","9","11","38","7","14","42","8","11","","false"
"","146","24","22","192","Adequate parking must be allowed for blue badges to ensure that disabled people are not excluded if places are pedestrianised.","29","6","7","47","11","13","69","7","2","","false"
"","102","41","25","168","I would support new development in the area if it was based on clear, justifiable need (e.g. a lack of housing, appropriate size for needs etc.), was small in scope, liveable (i.e. not skimping on off-road parking, thereby creating problems for everyone nearby).","23","7","5","21","26","15","58","8","5","","false"
"","122","16","25","163","Adequate parking should exist for blue badge holders to reduce dangerous parking in inappropriate places such as blocking visibility, at junctions/on bends etc.","26","4","6","41","7","13","55","5","6","","false"
"","109","17","24","150","Councils should take advantage of powers to impose parking restrictions and enforce fines on people who people whose inconsiderate parking adversely effects people who live there. e.g. a cul-de-sac too narrow to have two cars pass each other should not be overrun by parents on the school run, preventing residents from exiting or accessing their drive.","23","1","7","38","11","9","48","5","8","","false"
"","103","15","34","152","Provide sufficient school places closer to where people live, to reduce the impact of parents driving children to school. Parking is particularly a problem not just because because of the number of vehicles but their size - hatchbacks don't exist any more, it seems - it's just humungous SUVs which due to their size, reduce the no of vehicles that can be parked in any one place. The answer has to be for fewer parents to drive children, and that means closer, and possibly smaller, schools.","20","2","9","36","10","19","46","3","6","","false"
"","202","23","14","239","South Staffordshire should not take on housing quotas for neighbouring counties","19","16","7","88","0","1","94","6","6","","false"
"","142","5","21","168","Given the need for employment it is increasingly important to ensure the sustainability of villages/towns","28","1","2","48","3","13","64","1","6","","false"
"","146","6","21","173","We should pay attention to existing infrastructure, such as canal bridges, where we are now beginning to see issues.","27","4","6","58","1","9","60","1","6","","false"
"","24","27","31","82","Local villages need more affordable 3/4 bedroom houses provided by the Council","7","6","12","5","12","13","11","9","6","","false"
"","78","25","43","146","The Council should not permit new development that stops families being able to attend old graves","8","11","13","39","6","14","30","8","16","","false"
"","200","39","14","253","New development should not result in Villages merging or getting closer together","13","28","2","91","3","3","96","8","9","","false"
"","19","45","25","89","Currently we have sufficient facilities for our children, because as technology advances children don't play out as it's unsafe, so they stay by their parents and use electronic devices. Safer option all round.","3","18","7","6","12","11","9","15","6","","false"
"","118","28","34","180","The Council should give people a real say, unlike this questionnaire.","8","17","10","58","6","8","52","5","15","","false"
"","30","15","42","87","Carbon makes up .4% of the air we breath. I would stop cloud seeding which adds toxins into the air and tries to reduce sun light.","5","5","14","9","5","17","16","5","11","","false"
"","73","75","28","176","Solar panels should only be allowed on rooftops or alongside motorways, runways.","4","26","6","35","16","12","34","32","10","","false"
"","64","43","41","148","I will NEVER be so stupid to rely on an electric car. When grid gets down, how can they be charged. They stopworking in extreme heat or extreme cold. They can be tampered with as computerised. I do not wish to sit at a public charging point waiting for my car to be ready to drive. Hybrid are far more reliable.","6","18","9","29","14","21","29","11","11","","false"
"","164","27","34","225","Consider the local demographic when looking at house building. It seems to me its just a case of here's a local unoccupied space - be it, green, brown, whatever classification and lets build a lot of houses here to make a lot of money - with no thought to the existing population and environment, get building and leave the mess later for everyone attitude...","16","15","10","72","3","11","76","9","13","","false"
"","207","29","20","256","There should be no new development near to Areas of Outstanding Natural Beauty.","14","18","7","98","0","5","94","11","7","","false"
"","166","13","21","200","Developers must be accountable to covering all cost for new road infrastructure including pedestrian and cycle routes as part of their development connecting to existing highway network including future maintenance","22","7","5","71","3","8","73","2","8","","false"
"","207","29","15","251","Protecting farm land should be a top priority when planning for new buildings.","12","19","8","93","5","4","100","4","3","","false"
"","153","18","14","185","We don't need more roads built we need the ones we already have properly maintained","17","7","9","67","3","3","69","8","2","","false"
"","39","70","22","131","Everywhere outside of villages in South Staffordshire is basically classed as Green Belt Land with lots of land making logically and sensible areas for development, it is essential to review the current green belt plan. It is out of touch and unrealistic","19","1","6","6","38","9","14","31","7","","false"
"","182","41","13","236","Do not build large new developments in our backyards. We chose to live in a village for a reason. We like the peace and quiet, have your large developments in the larger cities' outskirts where they are needed.","6","24","2","91","2","3","85","15","8","","false"
"","106","6","28","140","The rates are far to high for many small business in villages ,no good building more premises when they are not affordable.","13","4","8","44","0","12","49","2","8","","false"
"","35","8","37","80","Better things for families, the Codsall park is awful. Natural play equipment like pattingham is so much better.","3","3","12","12","1","20","20","4","5","","false"
"","95","33","22","150","More cycling paths to link villages like brewood to Codsall","15","4","3","29","14","12","51","15","6","","false"
"","87","26","22","135","agree with the installation of solar panels","21","1","2","25","12","15","41","13","5","","false"
"","86","14","35","135","Staffordshire must not rely on the goodwill of neighbouring West Midlands towns and cities by developments close to the conurbation that cause those areas to provide all the extra services E.g Schools, Surgeries etc.","9","4","7","27","7","16","50","3","11","","false"
"","104","6","17","127","Businesses should be located wherever it makes logistical and practical sense to do so, e.g. large industrial businesses should be sited where they have motorway access and do not impact small local roads, whereas small businesses such as hairdressers should be located within the communities that will use them.","16","0","6","42","2","8","46","4","3","","false"
"","133","38","12","183","No new development of any kind on farmland of any kind. We need to feed our own people first. You can't eat electricity.","2","19","1","66","6","3","65","13","8","","false"
"","126","1","9","136","Councils should look at the abandoned houses and  buildings and redo them up for the the young and old rather than let then rot.?","14","0","4","58","0","3","54","1","2","","false"
"","76","15","16","107","All new developments need solar panels fitted as standard.","16","0","2","31","6","5","29","9","9","","false"
"","101","13","17","131","You need to define green belt land and explain what the impact of changing this would mean. It needs reviewing but we need more information on how this would be done.","14","2","2","40","7","8","47","4","7","","false"
"","52","10","32","94","Should not be building in Perton at all we have two roads both in and out we cannot cope the local facilities are struggling already, No more new builds in this village thank you!","1","4","7","31","1","14","20","5","10","","false"
"","42","12","23","77","Cycling is not a primary means of transport and there should be respectful sharing of resources not segregation based on ill-informed opinions","3","3","4","23","4","8","16","5","11","","false"
"","99","9","15","123","Provision of parking spaces should be a condition of planning permission and this should include visitor parking.","12","1","3","37","5","9","50","3","3","","false"
"","28","5","24","57","What about those of us who can't walk very far and need to park close to shops and social spaces?","6","0","4","10","3","12","12","2","8","","false"
"","116","17","15","148","All new homes should be affordable and energy saving","11","2","3","39","10","12","65","5","0","","false"
"","38","9","27","74","But housing developments and other developments tske away natural green areas wild life and leaves villages dying out. More traffic thst affects lanes","0","7","6","24","0","12","14","2","9","","false"
"","51","4","32","87","Already have large development on my doorstep the WM HUB. This will affect the amount of traffic in local lanes  and roads already with log  jams when problems on a449 or m6.","3","2","9","26","0","14","22","2","9","","false"
"","31","3","24","58","Where are the questions about health services, especially mental health services as in South staffs they are highly disjointed. The local mental health hospital is Stafford whereas we can access physical health hospitals in Dudley and Wolverhampton when living in Wombourne but there are no mental health facilities in Wombourne. Why the disparity and no reciprocal agreement with say penn hospital in Wolverhampton?","6","0","6","14","1","15","11","2","3","","false"
"","45","7","25","77","I think development in lower tier developments is now needed. All the upper tiers are being massively over developed especially Penkridge. The area around the WMI should be developed so the planned 8000 employees can live nearer to where they work. This will stop small villages from experiencing massive traffic increase from rat runs.","6","0","6","18","5","13","21","2","6","","false"
"","53","6","26","85","I hope to see affordable housing in smaller tiers. Larger tier areas are being massively over developed.","7","0","8","19","6","12","27","0","6","","false"
"","95","10","21","126","I hope to see Stafford and Penkridge separate places with green spaces between them. Not merged into one.","4","7","5","43","1","6","47","2","10","","false"
"","93","3","18","114","Parks and open spaces should be safe for everyone to enjoy. This includes a (or more) women from aggressive male teenagers and men.","13","0","6","38","2","7","42","1","5","","false"
"","26","6","34","66","Many people park in the gardens as well as grass verges outside their home. Up to 5 cars if not more. Some 'families can have five adults in the same house. Some people seem to run a 'business' from their home with up to 5 or 6 vehicles in the front which they have paved over. Others drive over grass verges so many times, the grass has stopped growing.","1","2","7","15","3","11","10","1","16","","false"
"","7","8","25","40","Unsure about care homes. Carers don't always live in the area and therefore need to drive  to work. I also know of carers who have been reported for anti-social behaviour and parking offences. Carers have also trespassed on private premises and interfered in business that is not theirs.","0","1","7","4","3","11","3","4","7","","false"
"","7","33","10","50","No more terraced homes. Owners of smaller houses might be tempted to build extensions. No more extensions.","0","9","1","6","12","4","1","12","5","","false"
"","42","9","27","78","Yes maintain pavements and roads but NOT continue to make the Wombourne railway walk into a road! This just entices ‘off road joyriders on bikes enjoy speed’ and discourages nature walkers!  Get the roads done for motorists.  What a waste of money whoever dreamed this up??","3","3","8","23","0","9","16","6","10","","false"
"","110","12","11","133","We are a welcoming county and everyone should feel safe to live and work here.","12","0","2","44","8","5","53","4","4","","false"
"","45","19","24","88","EVs are not green and should exist in the same market as petrol and diesel vehicles. Concessions are encouraging people to buy vehicles with built in obselecence. I object to subsidies for EVs and infrastructure should be paid for by the manufacturers or importers.","2","7","2","23","2","10","19","10","12","","false"
"","34","9","22","65","I would rather see more green spaces and trees on business and housing development sites, maximising the use of space through the use of green roofs and green walls, and minimising lawns/amenity grassland","6","0","6","11","4","8","17","5","8","","false"
"","37","34","17","88","Development should occur on land that is poor quality for biodiversity and agriculture, such as low grade agricultural land, even if it is in the green belt","10","1","3","8","24","6","19","8","8","","false"
"","61","9","20","90","More open spaces should be managed encourage natural processes to support more biodiversity, not be managed as amenity grassland","7","1","3","27","4","12","27","4","5","","false"
"","108","16","9","133","No more green spaces to be allocated to housing please.  We need our green belts to grow not to be removed","2","9","5","51","0","2","55","7","2","","false"
"","57","27","10","94","Cycling is DEFINITELY NOT PART of normal transport so LESS should be spent on it and MORE on maintaining roads, fixing potholes etc","4","6","3","32","8","4","21","13","3","","false"
"","35","33","11","79","The should be NO MONEY SPENT for cyclists as this mode of transport is minimally used","2","8","1","23","9","7","10","16","3","","false"
"","53","18","19","90","The local community needs more attention to keeping idle hand occupied specifically teenagers.","6","5","5","18","10","9","29","3","5","","false"
"","35","38","16","89","Towns shouldn’t merge but small settlements could merge potentially. Some are small like hamlets and aren’t really proper settlements. I don’t see a problem with them joining up to form bigger villages because that’s how lots of settlements have grown over time anyway.","11","0","1","4","25","7","19","13","8","","false"
"","18","8","21","47","We aren’t self sufficient in food because we export a lot of food too. A lot of our farmland isn’t great for farming and the biggest threat to farming are the supermarkets being monopoly’s and price setting, not housing or commercial development.","4","0","6","7","5","8","7","3","7","","false"
"","15","6","20","41","Education places already form part of plan preparation and planning applications for larger scale development. People want choice - for example the children from many families in Codsall and Bilbrook choose to go to Wolverhampton Girls High, St Edmunds, Haberdashers in Newport despite there being a high school in close proximity. Education choice therefore impacts on the number of car journeys made to some schools, and this is the direct result of parental choice, not poor planning.","4","1","5","4","3","9","7","2","6","","false"
"","26","23","19","68","People think that new housing puts a burden on infrastructure. It can do, but a serious lack of investment in it for decades has left us without decent facilities and roads etc. new housing is now one of the only ways we will get investment in the community because the government has no money to spend.","13","0","2","3","20","8","10","3","9","","false"
"","20","29","12","61","I know older people like bungalows but they take up twice as much space as the same size house. What is wrong with well-planned apartments in small complexes with shared spaces to meet? It works in continental Europe and provides a lot more opportunity for interactions and support if needed. Bungalows can waste land when we should be using land efficiently.","6","1","3","3","14","6","11","14","3","","false"
"","50","37","16","103","I’ve seen some opinions where people think that new housing is needed because of immigration but that’s total nonsense. We have historically never really built enough homes in this country to meet the need and we’ve created a real problem now for our young people. 30/40 years ago young people could afford to buy a home on an average wage, now it’s impossible. Supply must improve or we will have young people unable to move out of their family homes and the birth rate will drop dramatically. We’ve got to stop being NIMBYS!","12","0","1","11","27","7","26","10","8","","false"
"","54","1","20","75","We have some unique buildings reflecting our past industrial heritage that could be highlighted. ( A wonderful Victorian pumping station in Wombourne that looks like a castle).","7","0","4","21","0","10","26","1","6","","false"
"","94","4","5","103","All areas should be safe for everyone - the young, the old, female, male, all ethnicitities, gender preference etc.","12","1","0","38","3","5","44","0","0","","false"
"","68","12","10","90","Solar panels yes but not on green belt.","2","5","2","29","3","4","37","4","4","","false"
"","70","11","12","93","A sensible approach is required to climate change with a gradual change from carbon to net zero.","9","1","2","22","6","8","39","4","2","","false"
"","83","8","13","104","It is important that infills of housing between communities are not allowed resulting in a large conurbations being created and destroying the quality of life of people affected.","6","4","2","39","1","7","38","3","4","","false"
"","20","34","5","59","Green Belt was never intended to be unchanged forever.","6","4","1","5","20","0","8","10","4","","false"
"","33","11","18","62","Changes to allow good developments are appropriate.","8","0","2","4","10","8","20","1","8","","false"
"","29","19","18","66","The rural communities of South Staffs need to be able to grow to provide homes and businesses for new families, especially affordable homes and downsizing properties, this will keep schools and services open whilst making the community sustainable.","7","0","2","4","13","9","17","6","7","","false"
"","30","12","15","57","Support biodiversity gains and new public space that will be ensured through new development, instead of monoculture arable farming.","7","0","1","7","6","12","15","6","2","","false"
"","97","8","9","114","There needs to be parking by the train stations which is available at all times.","10","1","3","37","3","3","48","4","3","","false"
"","27","11","17","55","Urgent action is needed to reduce emissions to protect the local environment that many local farmers depend, as we all do for food. Additionally it's an opportunity for growth, jobs and local energy resilience and national energy security.","5","1","4","6","4","12","16","6","1","","false"
"","53","13","13","79","There should be better public transport across much of rural Staffordshire, to reduce the reliance on cars and the number of cars needed in local towns/villages.","5","1","1","18","9","8","30","3","4","","false"
"","42","15","15","72","even if the schools were closer people would still drive so there would be no advantage","3","1","2","22","4","6","17","10","7","","false"
"","11","22","10","43","families are increasing in size so we do need more larger homes","3","0","0","3","13","6","5","9","4","","false"
"","48","13","16","77","The argument over green/brown/grey belt can become oversimplified and we should look at individual sights on the value of nature/diversity they contribute to locality rather than just considering the designation.","3","1","2","15","7","8","30","5","6","","false"
"","26","12","13","51","Increase social housing stock through new build and refurbishment","6","0","1","5","9","7","15","3","5","","false"
"","89","2","12","103","We need to support our local farms to introduce nature friendly farming practices and to add resilience by exploring high quality food and on site sales.","9","0","2","33","2","4","47","0","6","","false"
"","60","4","1","65","There are no brownfield sites in the village where I live.  South Staffordshire should not be used as a dumping ground for the West Midlands conurbation (Dudley, Wolverhampton, Birmingham etc).","1","1","0","37","1","0","22","2","1","","false"
"","34","8","6","48","More houses means more water run off and risk of flooding","1","3","2","18","0","2","14","5","2","","false"
"","22","8","12","42","You need to advertise existing bus services and assess any spare capacity first. Any new home owners/occupiers will undoubtedly not be from the local area and there will not be sufficient local employment. Fast buses from local hubs need to go direct to train stations or other town centres.","2","2","1","10","3","9","10","3","2","","false"
"","57","6","11","74","New developments need to provide new bus stops/transport links AND retail (corner shops) to limit unnecessary journeys.","6","1","1","25","4","6","26","1","4","","false"
"","69","15","11","95","New builds should be shared however if there are more brownfield sites and better infrastructure in some areas than others then they should be prioritised for development instead of other areas.","1","4","0","28","6","7","40","5","4","","false"
"","45","6","15","66","More support must be given to existing businesses first.","3","1","2","14","3","8","28","2","5","","false"
"","62","3","3","68","When new developments are agreed upon the council should take into consideration all previous, current and future planned developments and their joint negative impact upon the local infrastructure. For example, 2 developments within 5 minutes of me include one lot of 90+ houses and another of 100+ but each development is only considered individually and described as low-impact.","3","1","0","33","0","1","25","2","2","","false"
"","29","15","13","57","No new towns or villages.","0","3","1","15","4","6","14","8","6","","false"
"","32","4","11","47","Is there such a thing as a home for a single person as a one bed flat will always be able to accommodate two people.  A minimum of two car parking spaces are needed for each property.  
If a garage forms part of a property they must be large enough to accommodate a car! 
Garages sizes need to be increased through legislation in order to stop on street parking.","4","1","0","15","1","6","13","2","5","","false"
"","11","7","9","27","The Environment Agency looks after flooding risks to existing developments. Any new development will not pay to rectify existing issues elsewhere.","2","1","0","4","6","7","5","0","2","","false"
"","63","0","6","69","Developers should have to invest in local infrastructure and services to some extent when their developments are expected to have a negative impact on the current services - more money for roads and services to at least give a boost to coping with the influx. Simply including a park in their proposals will not help with flood damage, potholes, issues with local services and public transport.","4","0","1","25","0","4","32","0","1","","false"
"","9","15","8","32","Burger joints and barbers on the high street employ local people.","1","1","1","4","11","5","4","3","1","","false"
"","47","5","6","58","Support to existing businesses needs to be the priority.","5","1","1","20","3","3","22","1","2","","false"
"","29","8","9","46","Heavy civil infrastructure (bridges/tunnels) is not the answer for a rural community.","3","1","2","16","1","3","10","6","4","","false"
"","51","9","12","72","Communal gardens in developments need to be an objective.","0","2","1","13","6","9","38","1","2","","false"
"","23","8","9","40","Cycleways need to be connected to major transport hubs - this means into neighbouring boroughs outside of South Staffordshire.","3","1","0","14","3","6","6","4","3","","false"
"","19","16","12","47","Any new housing development must include construction of a new pub.  Green open space can be provided with a nice beer garden.  The pub will then be able to employ local people in the service, catering, accommodation and building services maintenance trades.","2","4","0","6","3","8","11","9","4","","false"
"","8","11","9","28","Development shouldn't be banned if facilities locally don't exist or are stretched, but the necessary investment should be included within or indeed before any proposed developments. Practically I think that people locally will see a greater benefit from development and not that it is just a detrimental thing.","1","1","0","2","6","6","5","4","3","","false"
"","33","9","7","49","New developments only when essential for community.","0","4","0","21","3","2","12","2","5","","false"
"","34","8","8","50","New housing should be as accessible as possible ... widened doorways, some sockets and switches at waist height etc. It will keep people in their home for longer...","4","0","1","16","3","4","14","5","3","","false"
"","40","12","7","59","Any new development must involve public transport organisations and the creation of bus/tram/train routes and schedules. The reliance on making things easier for cars is short-sighted in terms of the environment and energy solutions.","4","2","0","16","6","5","20","4","2","","false"
"","27","15","8","50","Any new schools built should automatically have a 'no-traffic zone' around them, with only public transport and transport for the disabled allowed within a specified distance of the school at start and finish times.","2","2","0","10","8","8","15","5","0","","false"
"","12","6","14","32","Re designation of traffic to protect the village of Wombourne,","0","2","2","4","2","5","8","2","7","","false"
"","28","9","5","42","Data is available from ONS and other sources that show categorically that, as well as an ageing population, we have many homes that are underoccupied because older people are unable to find, or afford, suitable downsizing options. There are arguments to say that building types in some areas should be a majority, rather than the box-ticking exercise it seems to be currently. This would free up homes for families and enable more independent living for the elderly and infirm.","1","0","0","16","5","2","11","4","3","","false"
"","24","1","11","36","Providing Costing were realistic, Yes, we should  entice new and older established   businesses to thrive.  Naturally, the more profitable businesses we  host, the more Staffordshire will prosper.","2","0","1","11","1","6","11","0","4","","false"
"","24","8","11","43","Should appropriate accommodation be offered to residents to down size from their family home","4","1","0","5","5","7","15","2","4","","false"
"","42","6","8","56","We should support local farmers and small business, larger supermarkets are killing our villages","4","0","0","18","2","4","20","4","4","","false"
"","29","8","10","47","Local residents should be supported to access social housing, recent changes to housing criteria has made it harder for local residents to be prioritised or even access.","1","2","1","14","1","8","14","5","1","","false"
"","59","3","5","67","Improve infrastructure before development is approved","3","2","1","32","0","2","24","1","2","","false"
"","27","6","13","46","Build sturdy housing. Most renewable features are short term with expensive replacement costs","3","2","2","13","1","7","11","3","4","","false"
"","31","4","11","46","New developments are of poor build quality this needs to be addressed first look at the new development at Perton shocking quality poor water pressure etc","3","2","0","13","2","9","15","0","2","","false"
"","19","14","10","43","I have an electric car they are not practicable for long journeys and are extremely expensive when using public chargers plus the second hand value is poor stop this green nonsense","0","4","0","12","6","7","7","4","3","","false"
"","9","4","10","23","Artisan shops are expensive and would be used initially then people would due to cost of living go back to supper markets","3","0","0","4","1","7","2","3","3","","false"
"","51","8","3","62","Solar farms should be incorporated into concrete spaces not green space. Using green space for solar power does nothing but destroy the economy system","4","4","0","26","1","0","21","3","3","","false"
"","43","4","10","57","All New build sites should have solar panels on all properties, with road layouts designed to south facing roofs to prioritise solar efficiency","2","1","0","15","3","8","26","0","2","","false"
"","48","3","9","60","So you improve the local services but put increased demand on them. Aren’t you back at square one? Services need to be improved NOW for the current population levels.","1","2","2","23","0","4","24","1","3","","false"
"","20","3","11","34","Investment in the area is not balanced.  Not enough services are in lower south Staffordshire.","3","1","1","9","1","5","8","1","5","","false"
"","15","3","14","32","Wombourne needs to encourage a variety of services and shops including health","0","1","0","9","2","9","5","0","5","","false"
"","52","3","11","66","Town planning should take into consideration elderly and those who can not independently walk.  Driving to venues is important to maintain a person’s wellbeing and independence.","1","2","1","21","1","6","30","0","4","","false"
"","29","2","13","44","Consideration needs to be made that some services are directed to other villages or towns but there is no bus link between these towns","1","1","1","12","0","8","15","1","4","","false"
"","59","3","4","66","Any new builds must be checked that all promises and standards promised by developers regarding nature, wildlife must be insisted upon","5","0","0","31","2","3","23","1","1","","false"
"","49","11","6","66","Car parks should have canopies with solar panels to generate energy back into the system","4","3","1","23","6","2","21","2","3","","false"
"","34","6","9","49","Reopen old forums and clubs for the youth.","4","1","0","16","3","5","14","2","4","","false"
"","54","1","6","61","Allow nature to thrive in places it already is.","5","1","0","26","0","3","23","0","3","","false"
"","14","11","11","36","Restore outdoor lidos and open new ones where possible","2","2","1","5","6","5","7","3","5","","false"
"","52","3","9","64","Cleaner water!","4","1","0","19","2","5","29","0","4","","false"
"","17","16","6","39","There should be 2 car cap on all households if you have a work vehicle it should be parked at work not on the footpaths, if you have 3-6 cars per household and you don't have 3-6 people living in that household then that shouldn't be allowed. Paths are for pedestrians, roads are for driving on and driveways are for your cars, if you havent got a big enough driveway buy/rent a garage, sell a car, find a storage yard or better yet Walk!","2","2","0","7","6","4","8","8","2","","false"
"","49","3","6","58","More public bins","3","1","0","20","1","4","26","0","2","","false"
"","66","3","2","71","Plant more trees, protect existing ones.","4","2","1","31","0","1","31","1","0","","false"
"","38","6","8","52","Protect the deer, the deer that are a living monument to the south staffs district, we have a duty of care as self destructive humans to do so","2","2","1","14","1","4","22","3","3","","false"
"","48","2","7","57","Protect nature by labelling places as nature reserves.","3","1","0","26","0","4","19","1","3","","false"
"","42","9","4","55","There is a need for more housing in South Staffordshire, but the present and predicted needs are largely driven by Central Government and by demands from the West Midlands conurbation. Our planners should represent our residents and propose only housing, linked to established towns and larger villages with services within South Staffordshire, that meets established local Housing Needs Assessments.","1","1","0","23","4","1","18","4","3","","false"
"","28","11","6","45","We do not need any more large industrial wharehouses and distribution centres in South Staffordshire. They present very few jobs for residents per acre of land consumed and those established have relatively low salaries and poor prospects for improvement.","2","2","0","12","1","5","13","8","1","","false"
"","33","6","9","48","Housing development in South Staffordshire should be driven by local requirements, should favour small scale [less than 30 dwellings] on the edges of established settlements with the benefits of existing shops, bus services, schools and GP medical services. They should be significantly 2 and 3 bedroom homes suitable for social, low cost and first time buyer use, of high standards of design and construction and low energy in construction and use.","8","0","0","8","3","7","17","3","2","","false"
"","33","7","7","47","I would love to see fruit trees or bushes grown in public spaces for the local community to enjoy and educating our children.","3","1","2","18","4","2","11","2","3","","false"
"","62","2","1","65","Planners need to consult prior to approval of larger developments","5","1","1","28","0","0","29","1","0","","false"
"","59","3","3","65","Planners need to consult with a wide range of people in the vicinity of the proposed changes to the area and consider impact of increasing numbers of dwellings.","2","3","1","30","0","0","27","0","2","","false"
"","29","5","7","41","There needs to be a combination of bungalows and shared spaces to meet people’s needs and use the land available for everyone’s benefit","1","0","0","8","4","3","20","1","4","","false"
"","62","2","5","69","Development of unused existing spaces should be the priority rather than reducing communal green spaces","5","1","0","24","0","3","33","1","2","","false"
"","41","10","6","57","Brown field sites always. Green belt only when there is no brownfield and then only in small pockets.","0","4","1","21","3","3","20","3","2","","false"
"","23","8","8","39","Our area needs modern digital facilities to support everyday life.","4","0","0","8","5","6","10","3","2","","false"
"","35","5","8","48","Digital growth plays a key role in developing skills at all stages of the workforce from apprentices to reskilling those out of work.","6","0","0","9","4","5","19","1","3","","false"
"","19","9","8","36","Supporting digital growth is important for our area’s future.","2","1","0","7","4","6","10","4","2","","false"
"","23","4","12","39","Rail links from Featherstone to Birmingham. Landywood, Penkridge and Cannock have them. Featherstone has had many housing developments but no improvement to rail links. We are like the forgotten section of south staffs as we are on the border. We have a goods rail track but no pedestrian rail stop.","3","0","0","8","1","9","12","3","3","","false"
"","47","8","6","61","Green open space is needed in new development, with wide streets to include trees, not ‘play areas’.","5","0","0","21","4","4","20","4","2","","false"
"","41","3","9","53","Services should be laid out -hopefully before all the roads - Including a futuristic type of Maintenance Structure. An Old Idea, but underground ducting, allowing all services accesses. Surface and afoul wastes would need a Different - but similar approaches.. Romans : Greeks sort of did all this.. Costly initially , but access times & less roads being dug up.","5","0","0","18","1","4","17","2","5","","false"
"","9","7","8","24","Stop large lorries going through areas close to peoples homes between 2100 and 0900hrs. It's affecting safety, and people's sleep. This affecting peoples wellbeing.","1","2","0","5","1","6","2","4","2","","false"
"","56","6","3","65","South Staffordshire should not build more housing to cater for the Birmingham overspill","3","2","0","30","0","1","22","4","2","","false"
"","19","7","10","36","Housing should be built at much higher density so it can all be accommodated on brownfield land rather than Green Belt or rural communities.","0","4","1","11","2","7","7","1","2","","false"
"","39","8","9","56","Where a village has a group of retail premesis' the classifications should be stricter, so that there isnt too many of the same retailers. For example having 5 shops or 5 salons etc.","3","2","1","14","1","6","22","5","2","","false"
"","22","5","11","38","New roads not new houses.","0","2","0","8","1","6","14","2","5","","false"
"","31","7","8","46","planning decisions should be made on a weighting basis with residents views holding a weighting of at least 60 %.","1","3","0","17","1","3","13","3","5","","false"
"","10","4","9","23","I agree, but this follows on from making villages too big without the extra infrastructure. Adding on to existing villages is prefered to keep additional infrastructure costs down but to the detriment of the village.","0","2","0","4","1","8","6","1","1","","false"
"","47","3","6","56","Promoting all wildlife habitat within existing and new developments should be given more thought.","1","2","1","24","0","2","21","1","3","","false"
"","55","1","5","61","We should facilitate and support the sale of locally produced food locally directly to consumers","3","1","1","24","0","3","28","0","1","","false"
"","5","21","1","27","Just let the experts get on with it and do what’s best for our area. Residents need to stop being such nimbys when we are lucky to live in an area with so much green space as it is!","2","1","0","0","16","0","3","4","1","","false"
"","50","7","4","61","Any sort of industrial infrastructure should not be built anywhere near residential areas, or directly affect them e.g noise distrubance","5","1","0","19","1","4","26","5","0","","false"
"","32","4","8","44","Solar panels should be installed on top of existing buildings such as multi story car parks, warehouses and supermarkets to combat energy prices for all and to stop using valuable farmland for solar panel use","1","0","0","16","1","5","15","3","3","","false"
"","28","9","7","44","There could be a middle ground where solar developments could have to provide a better environment for local wildlife than there was previously such as having areas dedicated to trees and native wildflowers","3","1","2","13","6","3","12","2","2","","false"
"","14","17","7","38","Not only those services but the country lanes need to be made bigger wider to take the increas in road users","2","0","0","3","11","5","8","6","2","","false"
"","24","2","12","38","Should INCLUDE three bedroom homes","4","1","2","10","1","7","10","0","3","","false"
"","13","11","7","31","The emissions ARE NOT the problem.
Its about time the councils and government stopped pushing it!!!!!","0","1","0","9","3","2","4","7","5","","false"
"","25","8","4","37","asking the developers to provide in excessive of 50% affordable housing will inflate the prices on the overall development.  The housing provider should be asked to provide there need - villages are perfect for families therefore 30% affordable housing for this demographic would be more sustainable","4","0","1","13","5","1","7","3","2","","false"
"","24","7","5","36","A sustainable amount of new development works well and ensures key service our maintained and used.  If the development means more services are needed it is essential these are identified and put in place within a clearly defined timescale.  control by the planning process.","4","1","0","8","6","3","12","0","2","","false"
"","43","7","5","55","to encourage less use of the car to get children to school the planning process should identify  clear pathways to the schools and even offer free buses if there is a requirement for a large new development.","2","2","0","20","3","5","21","2","0","","false"
"","13","11","7","31","new development has great potential to add to the community and ensure the shops and pubs are used, if the developments becomes sprawling the heart will be lost and the community will fail.","1","4","0","7","5","5","5","2","2","","false"
"","60","3","5","68","Good briefings should be provided by the council as to what their intentions are - with clearly defined time table and and fully developed plan.","5","1","1","25","1","2","30","1","2","","false"
"","26","8","8","42","New homes should be of a decent size and not cramped living spaces which seems to be the norm with new builds","1","1","1","13","5","5","11","2","2","","false"
"","26","10","5","41","Housing should acvomodate parking for visitors even if the householder hasnt a car their visitors may have one.","1","4","0","10","4","3","15","2","2","","false"
"","20","13","3","36","Whilst improving outdoor recreational facilities, incorporate gym/workout equipment","1","2","0","11","4","1","8","7","2","","false"
"","20","6","7","33","Road planners should choose BETWEEN roundabouts and traffic lights & trust that licence holders know how to use them instead of putting lights at every possible point on every single roundabout, which defeats the object of traffic controlling measures, preventing traffic flow & causing unnecessary volume of traffic to block roads and roundabouts","2","1","1","8","3","3","10","2","2","","false"
"","57","1","3","61","The current road conditions should be improved, with many potholes being filled for this.","7","0","0","21","1","2","29","0","1","","false"
"","34","2","5","41","Road works should have a time limit of how long they have to complete the work, to help prevent any further delays and improve traffic.","6","1","1","15","1","2","13","0","2","","false"
"","39","4","5","48","Improve public transport connections across local villages (for example Pattingham Perton Codsall Bilbrook etc.).","3","3","0","15","0","2","21","1","3","","false"
"","9","11","4","24","New developments should not be cut off from existing developments, the green belt is there to protect countryside however the natural expansion of villages, towns etc is into the green belt. If we were to push teh green belt by c.0.5m around all conurbations, this would go along way to solving the housing shortage","3","0","0","1","5","2","5","6","2","","false"
"","16","15","3","34","Provision should be made for good cycle paths that are appropriate for commuting to work locally. This means reasonably straight, unobstructed cycle paths where it is safe to cycle at speed without risking collisions with street furniture or pedestrians, otherwise cyclepaths will underused.","3","0","0","5","6","3","8","8","0","","false"
"","15","14","3","32","ALL new properties and ALL upgrades to existing properties SHOULD include safe and secure storage for bicycles, separate to the main building, especially for social and family housing. This will enable more alternatives for cycle commuting, safe charging for e-bikes, and access to low-cost flexible transport where public transport is inaccessible for low-income households.","1","3","0","2","6","2","12","5","1","","false"
"","25","4","6","35","In the case of Penkridge, it should not continue to be used as an extra lane of the M6 yet rely on local government to maintain and repair the roads. The Highways Agency must be made to cover those costs.","5","1","0","10","1","2","10","1","4","","false"
"","16","13","6","35","build apartments for the young pople, say 6 stories high apartments should have 1 sitting room and kitchen attached. l larger bedroom
and a small room and shower room, all with balconies","4","1","0","2","6","4","10","6","2","","false"
"","27","7","6","40","We need more bus shelters with more reliable, accessible public transport to reduce congestion and poor air quality on our roads.","2","2","0","10","2","3","15","3","3","","false"
"","7","11","4","22","Social housing should not be mixed with open market housing in the same development","0","2","0","2","6","2","4","3","2","","false"
"","17","9","5","31","New developments should be extensions of existing conurbations - for example increasing size of Perton, Codsall etc as these are all connected to wolverhampton.","4","2","1","5","1","2","7","6","2","","false"
"","6","19","1","26","South Staffordhsire should do all it can to accommodating the Birmingham overspill. It is a national problem that needs resolving and South Staffordshire should do what it can to resolve the shortage.","2","2","1","0","8","0","3","9","0","","false"
"","12","13","3","28","Green belt should be built on where appropriate - At times, the labelling of green belt should have no bearing on an application. The requirements to outweigh the weight green belt carries should be lowered and we would see much more suitable developments come forward. We are too concerned with housing density and not building villages people want to live in. If development is to take place in the green belt, which is has to, then the developments should have to be garden villages which preserves the green nature of the area. Take Letwchworth & Welwyn Garden Cities - huge swathes of green development that look fabulous....much better that the high density red brick towns we see going up now. The issue is not green belt, the issue is the layout and design of new developments that are designed in green belt are simply not good enough.","2","0","0","1","9","0","8","4","3","","false"
"","24","1","6","31","To reduce congestion, alternatively to driving must be safe, fast, easy to access and cheap. If you can't safely walk to a local shop then it's no surprise when car traffic is terrible.","2","0","0","8","1","5","14","0","1","","false"
"","16","2","3","21","Single story housing for pensioners to downsize to.","1","0","0","6","1","2","9","1","1","","false"
"","24","1","2","27","Decent footpaths would aid walking, many old lanes have no path and many existing old paths are disappearing under vegetation","1","0","0","12","1","1","11","0","1","","false"
"","16","2","3","21","Houses should be built with decent size rooms, there is no need for multiple rooms to have en-suites, a decent bathroom, en-suite and a downstairs toilet should be sufficient.
Garages should be able to take current sized vehicles, not an immediate option for conversion to a room.
 There should be space for a car in relation to bedroom, a four or five bedroom house should not mean 75% of the vehicles are parked on the road.","0","0","0","9","1","1","6","1","2","","false"
"","11","1","4","16","I am against building on green belt particularly en masse like new housing estates but occasionally there are good reasons why single houses  would be acceptable and they need to be looked at individually","0","0","0","9","1","1","2","0","3","","false"
"","15","2","5","22","I dont believe we should use agricultural land for solar farms. They should be going on rooves including carparks.","0","0","0","9","0","1","6","2","4","","false"
"","28","0","0","28","Adequate health services and provisions. Local hospitals and NHS health centres & GP surgeries should be built to cope with the increased population. Its already difficult to obtain appointments.","1","0","0","13","0","0","14","0","0","","false"
"","16","3","3","22","More primary and secondary schools needed. Community centres with enhanced infrastructure to accommodate organisation of multi cultural events and sports / fun activities for residents to be prioritized.","1","0","0","8","3","1","7","0","2","","false"
"","13","7","3","23","I would like funding given to local animal rescue groups to help neuter the increasing number of stray cats in the local area and educate to local community in animal welfare / unnecessary breeding which would
In turn help to ease overcrowding in local animal rescue shelters","0","1","0","8","3","1","4","3","2","","false"
"","10","7","3","20","Social housing is very important, I believe that it should remain social housing and not sold under right to but schemes.","0","0","0","6","3","2","4","3","1","","false"
"","19","0","4","23","Large business should be carefully considered at planning stages as they are now. I believe planning restrictions are not relaxed to ensure new developments are appropriate for the particular site. There are examples of poor developments granted that create problems for locals and the environment.","0","0","0","12","0","2","7","0","2","","false"
"","15","3","4","22","Green energy is good in the right circumstances. Unfortunately wind turbines kill birds, huge amounts of concrete (200 tons) to anchor each one, have limited life  and cannot be recycled. Focus on solar pv, solar thermal on households and other developments/buildings. Maintain agricultural land for agriculture and farming.","0","0","0","11","0","2","4","3","2","","false"
"","17","6","3","26","Housing is obviously important, but the current housing shortage is largely due to mass immigration. We need a government prepared to lead with long term aims at the forefront of planning. Invest in quality training, apprenticeships, encourage our young into public services, nursing etc by removing barriers - university fees, quotas on uk doctors.","1","0","0","7","1","3","9","4","0","","false"
"","23","0","3","26","Development should be appropriate/needed for an area or village, unfortunately the government has forced development upon villages in recent years.","0","0","0","14","0","2","9","0","1","","false"
"","7","7","3","17","Dedicated lanes at roundabouts to exit for the M6 toll should be removed as they cause unnecessary build up of traffic","1","0","0","4","5","1","2","2","2","","false"
"","9","4","5","18","South Staffs needs more outdoor sporting facilities for adults and children to use, such as tennis courts and football pitches, encouraging people to get together and be healthy.","1","0","0","5","4","2","3","0","3","","false"
"","5","3","9","17","Public transport directly to South Staffordshire villages should be available to residents of Kinver.","0","0","1","3","2","4","2","1","4","","false"
"","10","1","6","17","Stop building so many houses in Penkridge nobody wants them. Go and build elsewhere. The doctors can’t take it, the roads are already full of pot holes and you’re doing nothing about it, the village is rammed full of traffic already. It’s ridiculous leave the village alone.","0","0","0","7","1","3","3","0","3","","false"
"","22","2","2","26","There are often very good reasons why buildings should not be built and the community are best placed to make that decision.","0","1","0","10","0","2","11","1","0","","false"
"","3","0","3","6","i agree with the lack of upkeep with footpaths and hedges wacking you in the face, and the grass overgrowing the footpaths,, reclaiming them would be a good start. not to mention trees at the back of my house forced to be cut down or maintained so we dont have 6 meter overhangs in our gardens and trees leaning dangerously close to tip over.","0","0","0","1","0","2","2","0","1","","false"
"","7","0","2","9","Reopen redundant train stations. Eg Cheslyn Hay and others","0","0","0","4","0","2","3","0","0","","false"
"","12","0","0","12","We need a range of options for developing renewable energy.  All car parks , new properties and business should have solar power and other options too","0","0","0","5","0","0","7","0","0","","false"
"","7","1","2","10","Greener options must be considered but not at the expense of environment and landscape","0","0","0","3","0","2","4","0","0","","false"
"","11","1","0","12","Many developers make promises but fail to keep them regarding infrastructure- this needs to be enforced","0","0","0","5","0","0","6","1","0","","false"
"","10","1","1","12","Some solar panel farms could allow animals to graze beneath and support agriculture and renewable energy","0","0","0","3","1","1","7","0","0","","false"
"","8","0","2","10","All road repairs need to be quality assured prior to being “signed off  “ and paid .  If the repair fails then penalties for the utility provider or contractor must be sufficient to ensure that roads and footpaths are of a consistent standard","0","0","0","4","0","1","4","0","1","","false"
"","7","1","1","9","New developments should include more smaller homes.","0","0","0","2","0","1","5","1","0","","false"
"","10","0","1","11","Affordable housing should be affordable for people on local wages.","0","0","0","3","0","1","7","0","0","","false"
"","4","7","0","11","The council should take houses back from people that have more than one and rent them out, there are more than enough houses then to cover the missing future house needs.","0","0","0","1","4","0","3","3","0","","false"
"","4","1","4","9","Projects like the Four Ashes development are a disaster for local communities.","0","0","0","1","1","2","3","0","2","","false"
"","3","2","3","8","join the 21st century not the 1800s with 5g masts and super-fast internet.","0","0","0","1","1","2","2","1","1","","false"
"","7","5","1","13","resurfacing A roads to make them safer to travel on with scooters and motorbikes. The council has invested along the A449 twice-over in less than 4 years but done nothing for smaller A road like Port Lane and roads leading from Codsall to Penkridge. or make dedicated scooter lanes like they have in japan, where they have pedal bikes and scooters using the same lanes or side by side.","0","0","0","2","2","1","5","2","0","","false"
"","10","1","2","13","Villages need fewer large four- and five-bedroom houses.","0","0","0","3","0","2","7","1","0","","false"
"","7","1","3","11","i would rather see wind turbines for solely local use or solar farms on disused land, i don't have any issue with new energy as long as it for everyone.","0","0","0","2","1","1","5","0","2","","false"
"","2","1","3","6","get some of the new floating wind generation blimps from japan.","0","0","0","0","1","2","2","0","1","","false"
"","7","2","1","10","In terms of new towns/villages, there should be eco villages where a small community can help each other grow and produce food and create there own energy? like they have in Germany and holland, you could also produce energy from boglands/wetlands like in holland.","0","0","0","2","1","0","5","1","1","","false"